customer_id,name,city,signup_date
C001,Customer 1,Madaba,2024-02-27
C002,Customer 2,Amman,2024-05-20
C003,Customer 3,Zarqa,2024-04-24
C004,Customer 4,Zarqa,2024-02-22
C005,Customer 5,Madaba,2024-10-06
C006,Customer 6,Amman,2024-10-29
C007,Customer 7,Aqaba,2024-01-17
C008,Customer 8,Amman,2024-02-17
C009,Customer 9,Zarqa,2024-04-29
C010,Customer 10,Salt,2024-11-04
C011,Customer 11,Amman,2024-10-14
C012,Customer 12,Zarqa,2024-11-28
C013,Customer 13,Madaba,2024-10-06
C014,Customer 14,Aqaba,2024-04-22
C015,Customer 15,Aqaba,2024-10-28
C016,Customer 16,Irbid,2024-01-04
C017,Customer 17,Zarqa,2024-12-23
C018,Customer 18,Aqaba,2024-06-23
C019,Customer 19,Irbid,2024-03-20
C020,Customer 20,Zarqa,2024-06-21
C021,Customer 21,Amman,2024-02-17
C022,Customer 22,Aqaba,2024-02-19
C023,Customer 23,Irbid,2024-06-25
C024,Customer 24,Salt,2024-05-15
C025,Customer 25,Amman,2024-08-23
C026,Customer 26,Salt,2024-03-04
C027,Customer 27,Aqaba,2024-02-10
C028,Customer 28,Salt,2024-05-30
C029,Customer 29,Madaba,2024-11-12
C030,Customer 30,Irbid,2024-10-22
C031,Customer 31,Zarqa,2024-12-26
C032,Customer 32,Amman,2024-01-24
C033,Customer 33,Madaba,2024-04-26
C034,Customer 34,Irbid,2024-02-10
C035,Customer 35,Zarqa,2024-02-21
C036,Customer 36,Aqaba,2024-05-22
C037,Customer 37,Aqaba,2024-11-21
C038,Customer 38,Irbid,2024-03-24
C039,Customer 39,Irbid,2024-06-30
C040,Customer 40,Zarqa,2024-12-09
C041,Customer 41,Irbid,2024-12-25
C042,Customer 42,Madaba,2024-11-27
C043,Customer 43,Amman,2024-11-07
C044,Customer 44,Madaba,2024-03-28
C045,Customer 45,Salt,2024-05-05
C046,Customer 46,Zarqa,2024-08-24
C047,Customer 47,Aqaba,2024-05-18
C048,Customer 48,Madaba,2024-12-18
C049,Customer 49,Salt,2024-04-22
C050,Customer 50,Madaba,2024-06-15
C051,Customer 51,Amman,2024-04-27
C052,Customer 52,Amman,2024-06-10
C053,Customer 53,Aqaba,2024-05-17
C054,Customer 54,Amman,2024-04-18
C055,Customer 55,Salt,2024-06-10
C056,Customer 56,Zarqa,2024-12-01
C057,Customer 57,Aqaba,2024-07-21
C058,Customer 58,Madaba,2024-08-22
C059,Customer 59,Zarqa,2024-05-15
C060,Customer 60,Zarqa,2024-05-06
C061,Customer 61,Madaba,2024-10-14
C062,Customer 62,Salt,2024-05-14
C063,Customer 63,Madaba,2024-10-26
C064,Customer 64,Aqaba,2024-10-25
C065,Customer 65,Aqaba,2024-07-04
C066,Customer 66,Zarqa,2024-03-11
C067,Customer 67,Salt,2024-09-09
C068,Customer 68,Amman,2024-01-25
C069,Customer 69,Amman,2024-03-19
C070,Customer 70,Madaba,2024-03-22
C071,Customer 71,Madaba,2024-08-04
C072,Customer 72,Salt,2024-02-02
C073,Customer 73,Aqaba,2024-07-14
C074,Customer 74,Salt,2024-08-27
C075,Customer 75,Salt,2024-05-08
C076,Customer 76,Salt,2024-01-06
C077,Customer 77,Madaba,2024-02-28
C078,Customer 78,Madaba,2024-10-01
C079,Customer 79,Irbid,2024-11-24
C080,Customer 80,Irbid,2024-02-27
C081,Customer 81,Irbid,2024-08-10
C082,Customer 82,Zarqa,2024-08-20
C083,Customer 83,Amman,2024-05-14
C084,Customer 84,Salt,2024-04-01
C085,Customer 85,Salt,2024-02-24
C086,Customer 86,Madaba,2024-06-01
C087,Customer 87,Madaba,2024-09-16
C088,Customer 88,Salt,2024-04-11
C089,Customer 89,Zarqa,2024-07-10
C090,Customer 90,Zarqa,2024-10-03
C091,Customer 91,Salt,2024-01-01
C092,Customer 92,Salt,2024-06-14
C093,Customer 93,Aqaba,2024-01-10
C094,Customer 94,Amman,2024-07-04
C095,Customer 95,Irbid,2024-05-02
C096,Customer 96,Amman,2024-05-03
C097,Customer 97,Salt,2024-02-10
C098,Customer 98,Amman,2024-09-05
C099,Customer 99,Amman,2024-09-29
C100,Customer 100,Zarqa,2024-03-06
C101,Customer 101,Madaba,2024-08-31
C102,Customer 102,Salt,2024-03-25
C103,Customer 103,Irbid,2024-09-27
C104,Customer 104,Salt,2024-08-04
C105,Customer 105,Zarqa,2024-10-03
C106,Customer 106,Madaba,2024-12-19
C107,Customer 107,Zarqa,2024-12-31
C108,Customer 108,Irbid,2024-07-23
C109,Customer 109,Madaba,2024-11-28
C110,Customer 110,Irbid,2024-08-12
C111,Customer 111,Salt,2024-08-19
C112,Customer 112,Amman,2024-05-06
C113,Customer 113,Zarqa,2024-02-02
C114,Customer 114,Irbid,2024-01-11
C115,Customer 115,Salt,2024-10-10
C116,Customer 116,Zarqa,2024-10-28
C117,Customer 117,Zarqa,2024-01-04
C118,Customer 118,Amman,2024-12-28
C119,Customer 119,Madaba,2024-01-31
C120,Customer 120,Zarqa,2024-02-04
C121,Customer 121,Amman,2024-06-18
C122,Customer 122,Amman,2024-09-20
C123,Customer 123,Zarqa,2024-05-22
C124,Customer 124,Madaba,2024-09-05
C125,Customer 125,Zarqa,2024-10-03
C126,Customer 126,Zarqa,2024-10-19
C127,Customer 127,Salt,2024-08-30
C128,Customer 128,Zarqa,2024-08-30
C129,Customer 129,Aqaba,2024-04-07
C130,Customer 130,Amman,2024-02-19
C131,Customer 131,Madaba,2024-08-08
C132,Customer 132,Irbid,2024-08-04
C133,Customer 133,Aqaba,2024-08-27
C134,Customer 134,Madaba,2024-01-28
C135,Customer 135,Madaba,2024-11-30
C136,Customer 136,Madaba,2024-02-20
C137,Customer 137,Amman,2024-07-25
C138,Customer 138,Madaba,2024-06-22
C139,Customer 139,Amman,2024-05-07
C140,Customer 140,Zarqa,2024-04-07
C141,Customer 141,Salt,2024-08-17
C142,Customer 142,Zarqa,2024-08-04
C143,Customer 143,Zarqa,2024-05-22
C144,Customer 144,Aqaba,2024-05-07
C145,Customer 145,Amman,2024-08-14
C146,Customer 146,Salt,2024-02-20
C147,Customer 147,Amman,2024-11-29
C148,Customer 148,Salt,2024-01-08
C149,Customer 149,Amman,2024-05-01
C150,Customer 150,Zarqa,2024-07-27
C151,Customer 151,Aqaba,2024-09-03
C152,Customer 152,Zarqa,2024-07-24
C153,Customer 153,Amman,2024-03-25
C154,Customer 154,Aqaba,2024-01-02
C155,Customer 155,Aqaba,2024-05-15
C156,Customer 156,Aqaba,2024-05-26
C157,Customer 157,Aqaba,2024-12-22
C158,Customer 158,Madaba,2024-10-11
C159,Customer 159,Madaba,2024-09-06
C160,Customer 160,Zarqa,2024-04-07
C161,Customer 161,Irbid,2024-04-21
C162,Customer 162,Amman,2024-10-23
C163,Customer 163,Madaba,2024-10-04
C164,Customer 164,Amman,2024-06-09
C165,Customer 165,Amman,2024-01-26
C166,Customer 166,Salt,2024-09-01
C167,Customer 167,Salt,2024-09-28
C168,Customer 168,Zarqa,2024-01-30
C169,Customer 169,Salt,2024-02-11
C170,Customer 170,Zarqa,2024-02-05
C171,Customer 171,Salt,2024-02-04
C172,Customer 172,Madaba,2024-04-30
C173,Customer 173,Aqaba,2024-03-02
C174,Customer 174,Salt,2024-05-06
C175,Customer 175,Salt,2024-10-31
C176,Customer 176,Amman,2024-11-13
C177,Customer 177,Amman,2024-08-02
C178,Customer 178,Madaba,2024-10-25
C179,Customer 179,Salt,2024-09-24
C180,Customer 180,Irbid,2024-05-13
C181,Customer 181,Zarqa,2024-12-08
C182,Customer 182,Madaba,2024-06-09
C183,Customer 183,Zarqa,2024-05-15
C184,Customer 184,Aqaba,2024-03-08
C185,Customer 185,Madaba,2024-11-26
C186,Customer 186,Irbid,2024-08-22
C187,Customer 187,Irbid,2024-02-07
C188,Customer 188,Amman,2024-08-22
C189,Customer 189,Salt,2024-10-15
C190,Customer 190,Amman,2024-02-07
C191,Customer 191,Salt,2024-04-19
C192,Customer 192,Salt,2024-05-15
C193,Customer 193,Zarqa,2024-06-27
C194,Customer 194,Amman,2024-05-05
C195,Customer 195,Irbid,2024-05-25
C196,Customer 196,Zarqa,2024-08-12
C197,Customer 197,Salt,2024-12-26
C198,Customer 198,Irbid,2024-11-09
C199,Customer 199,Madaba,2024-09-27
C200,Customer 200,Amman,2024-12-07
C201,Customer 201,Salt,2024-06-02
C202,Customer 202,Madaba,2024-02-23
C203,Customer 203,Zarqa,2024-05-15
C204,Customer 204,Amman,2024-02-24
C205,Customer 205,Madaba,2024-10-10
C206,Customer 206,Zarqa,2024-05-19
C207,Customer 207,Irbid,2024-11-05
C208,Customer 208,Zarqa,2024-06-24
C209,Customer 209,Zarqa,2024-12-17
C210,Customer 210,Madaba,2024-05-15
C211,Customer 211,Salt,2024-09-07
C212,Customer 212,Irbid,2024-01-27
C213,Customer 213,Amman,2024-11-20
C214,Customer 214,Aqaba,2024-05-21
C215,Customer 215,Amman,2024-01-02
C216,Customer 216,Irbid,2024-03-07
C217,Customer 217,Madaba,2024-05-14
C218,Customer 218,Zarqa,2024-08-14
C219,Customer 219,Salt,2024-12-27
C220,Customer 220,Aqaba,2024-10-14
C221,Customer 221,Amman,2024-02-27
C222,Customer 222,Amman,2024-12-19
C223,Customer 223,Zarqa,2024-10-06
C224,Customer 224,Amman,2024-07-08
C225,Customer 225,Salt,2024-10-09
C226,Customer 226,Zarqa,2024-08-08
C227,Customer 227,Zarqa,2024-01-22
C228,Customer 228,Irbid,2024-07-05
C229,Customer 229,Amman,2024-07-02
C230,Customer 230,Zarqa,2024-12-15
C231,Customer 231,Zarqa,2024-12-07
C232,Customer 232,Amman,2024-06-30
C233,Customer 233,Salt,2024-07-27
C234,Customer 234,Salt,2024-03-20
C235,Customer 235,Zarqa,2024-03-24
C236,Customer 236,Zarqa,2024-07-30
C237,Customer 237,Amman,2024-04-01
C238,Customer 238,Madaba,2024-06-19
C239,Customer 239,Aqaba,2024-12-08
C240,Customer 240,Madaba,2024-05-07
C241,Customer 241,Irbid,2024-03-22
C242,Customer 242,Madaba,2024-02-25
C243,Customer 243,Aqaba,2024-01-20
C244,Customer 244,Aqaba,2024-04-23
C245,Customer 245,Zarqa,2024-08-23
C246,Customer 246,Irbid,2024-06-05
C247,Customer 247,Zarqa,2024-04-24
C248,Customer 248,Amman,2024-12-03
C249,Customer 249,Zarqa,2024-07-23
C250,Customer 250,Irbid,2024-05-22
C251,Customer 251,Amman,2024-05-22
C252,Customer 252,Irbid,2024-11-24
C253,Customer 253,Salt,2024-07-23
C254,Customer 254,Madaba,2024-10-01
C255,Customer 255,Irbid,2024-01-15
C256,Customer 256,Amman,2024-05-13
C257,Customer 257,Zarqa,2024-10-24
C258,Customer 258,Irbid,2024-01-20
C259,Customer 259,Amman,2024-11-01
C260,Customer 260,Aqaba,2024-06-25
C261,Customer 261,Madaba,2024-06-09
C262,Customer 262,Aqaba,2024-11-06
C263,Customer 263,Salt,2024-02-29
C264,Customer 264,Aqaba,2024-10-22
C265,Customer 265,Zarqa,2024-05-10
C266,Customer 266,Amman,2024-12-28
C267,Customer 267,Aqaba,2024-01-01
C268,Customer 268,Salt,2024-10-02
C269,Customer 269,Madaba,2024-12-09
C270,Customer 270,Zarqa,2024-07-05
C271,Customer 271,Aqaba,2024-02-05
C272,Customer 272,Madaba,2024-06-18
C273,Customer 273,Salt,2024-06-09
C274,Customer 274,Madaba,2024-03-04
C275,Customer 275,Madaba,2024-06-02
C276,Customer 276,Salt,2024-06-07
C277,Customer 277,Madaba,2024-07-28
C278,Customer 278,Irbid,2024-07-25
C279,Customer 279,Madaba,2024-05-31
C280,Customer 280,Salt,2024-03-06
C281,Customer 281,Zarqa,2024-08-03
C282,Customer 282,Madaba,2024-07-13
C283,Customer 283,Madaba,2024-03-30
C284,Customer 284,Salt,2024-10-18
C285,Customer 285,Irbid,2024-07-26
C286,Customer 286,Salt,2024-01-01
C287,Customer 287,Irbid,2024-05-26
C288,Customer 288,Zarqa,2024-08-08
C289,Customer 289,Salt,2024-11-06
C290,Customer 290,Madaba,2024-06-13
C291,Customer 291,Aqaba,2024-08-14
C292,Customer 292,Aqaba,2024-12-11
C293,Customer 293,Zarqa,2024-09-18
C294,Customer 294,Aqaba,2024-03-27
C295,Customer 295,Madaba,2024-02-13
C296,Customer 296,Irbid,2024-09-20
C297,Customer 297,Madaba,2024-11-20
C298,Customer 298,Salt,2024-06-20
C299,Customer 299,Amman,2024-04-30
C300,Customer 300,Madaba,2024-06-07
C301,Customer 301,Zarqa,2024-04-11
C302,Customer 302,Zarqa,2024-01-13
C303,Customer 303,Amman,2024-05-05
C304,Customer 304,Aqaba,2024-11-08
C305,Customer 305,Amman,2024-08-21
C306,Customer 306,Aqaba,2024-11-18
C307,Customer 307,Salt,2024-04-09
C308,Customer 308,Madaba,2024-12-22
C309,Customer 309,Aqaba,2024-09-10
C310,Customer 310,Aqaba,2024-05-04
C311,Customer 311,Zarqa,2024-12-01
C312,Customer 312,Madaba,2024-01-03
C313,Customer 313,Amman,2024-08-05
C314,Customer 314,Zarqa,2024-03-31
C315,Customer 315,Madaba,2024-09-22
C316,Customer 316,Aqaba,2024-01-26
C317,Customer 317,Salt,2024-05-07
C318,Customer 318,Amman,2024-08-21
C319,Customer 319,Zarqa,2024-08-25
C320,Customer 320,Madaba,2024-09-28
C321,Customer 321,Salt,2024-10-31
C322,Customer 322,Irbid,2024-08-14
C323,Customer 323,Salt,2024-09-15
C324,Customer 324,Aqaba,2024-10-07
C325,Customer 325,Aqaba,2024-03-22
C326,Customer 326,Madaba,2024-08-31
C327,Customer 327,Aqaba,2024-05-12
C328,Customer 328,Zarqa,2024-11-22
C329,Customer 329,Irbid,2024-09-23
C330,Customer 330,Aqaba,2024-11-16
C331,Customer 331,Zarqa,2024-05-20
C332,Customer 332,Aqaba,2024-02-09
C333,Customer 333,Madaba,2024-05-26
C334,Customer 334,Zarqa,2024-05-19
C335,Customer 335,Irbid,2024-06-12
C336,Customer 336,Salt,2024-02-11
C337,Customer 337,Zarqa,2024-03-18
C338,Customer 338,Zarqa,2024-07-15
C339,Customer 339,Madaba,2024-03-19
C340,Customer 340,Madaba,2024-04-19
C341,Customer 341,Amman,2024-07-31
C342,Customer 342,Aqaba,2024-06-18
C343,Customer 343,Salt,2024-08-26
C344,Customer 344,Aqaba,2024-02-01
C345,Customer 345,Zarqa,2024-08-03
C346,Customer 346,Aqaba,2024-10-26
C347,Customer 347,Madaba,2024-01-11
C348,Customer 348,Salt,2024-07-13
C349,Customer 349,Aqaba,2024-01-04
C350,Customer 350,Irbid,2024-06-01
C351,Customer 351,Aqaba,2024-08-02
C352,Customer 352,Salt,2024-10-06
C353,Customer 353,Salt,2024-04-22
C354,Customer 354,Aqaba,2024-04-22
C355,Customer 355,Irbid,2024-08-11
C356,Customer 356,Aqaba,2024-01-15
C357,Customer 357,Aqaba,2024-06-21
C358,Customer 358,Madaba,2024-12-13
C359,Customer 359,Aqaba,2024-03-25
C360,Customer 360,Aqaba,2024-03-06
C361,Customer 361,Salt,2024-09-30
C362,Customer 362,Amman,2024-07-20
C363,Customer 363,Salt,2024-10-15
C364,Customer 364,Madaba,2024-01-14
C365,Customer 365,Amman,2024-11-25
C366,Customer 366,Aqaba,2024-03-10
C367,Customer 367,Aqaba,2024-04-03
C368,Customer 368,Amman,2024-05-13
C369,Customer 369,Aqaba,2024-06-16
C370,Customer 370,Zarqa,2024-08-20
C371,Customer 371,Irbid,2024-06-21
C372,Customer 372,Aqaba,2024-05-22
C373,Customer 373,Aqaba,2024-05-09
C374,Customer 374,Amman,2024-08-28
C375,Customer 375,Amman,2024-10-03
C376,Customer 376,Amman,2024-06-28
C377,Customer 377,Zarqa,2024-11-28
C378,Customer 378,Amman,2024-11-29
C379,Customer 379,Amman,2024-01-16
C380,Customer 380,Zarqa,2024-04-12
C381,Customer 381,Amman,2024-11-14
C382,Customer 382,Zarqa,2024-05-02
C383,Customer 383,Zarqa,2024-08-30
C384,Customer 384,Madaba,2024-02-28
C385,Customer 385,Salt,2024-04-21
C386,Customer 386,Aqaba,2024-12-24
C387,Customer 387,Irbid,2024-07-07
C388,Customer 388,Zarqa,2024-11-06
C389,Customer 389,Salt,2024-02-28
C390,Customer 390,Zarqa,2024-06-08
C391,Customer 391,Amman,2024-10-23
C392,Customer 392,Amman,2024-06-08
C393,Customer 393,Salt,2024-12-12
C394,Customer 394,Aqaba,2024-07-22
C395,Customer 395,Madaba,2024-04-11
C396,Customer 396,Amman,2024-10-30
C397,Customer 397,Madaba,2024-11-17
C398,Customer 398,Zarqa,2024-02-22
C399,Customer 399,Madaba,2024-06-03
C400,Customer 400,Madaba,2024-11-03
C401,Customer 401,Amman,2024-10-16
C402,Customer 402,Amman,2024-06-26
C403,Customer 403,Salt,2024-08-07
C404,Customer 404,Madaba,2024-07-08
C405,Customer 405,Amman,2024-09-16
C406,Customer 406,Madaba,2024-06-23
C407,Customer 407,Amman,2024-08-03
C408,Customer 408,Aqaba,2024-02-24
C409,Customer 409,Aqaba,2024-07-04
C410,Customer 410,Madaba,2024-08-23
C411,Customer 411,Madaba,2024-03-19
C412,Customer 412,Aqaba,2024-03-31
C413,Customer 413,Madaba,2024-09-24
C414,Customer 414,Madaba,2024-05-18
C415,Customer 415,Salt,2024-10-02
C416,Customer 416,Aqaba,2024-08-26
C417,Customer 417,Aqaba,2024-10-30
C418,Customer 418,Irbid,2024-06-14
C419,Customer 419,Zarqa,2024-02-14
C420,Customer 420,Irbid,2024-08-18
C421,Customer 421,Zarqa,2024-08-25
C422,Customer 422,Salt,2024-11-08
C423,Customer 423,Madaba,2024-07-13
C424,Customer 424,Irbid,2024-01-15
C425,Customer 425,Aqaba,2024-06-15
C426,Customer 426,Zarqa,2024-09-06
C427,Customer 427,Zarqa,2024-06-30
C428,Customer 428,Irbid,2024-06-23
C429,Customer 429,Irbid,2024-11-01
C430,Customer 430,Madaba,2024-05-21
C431,Customer 431,Salt,2024-01-06
C432,Customer 432,Salt,2024-04-07
C433,Customer 433,Amman,2024-05-03
C434,Customer 434,Madaba,2024-07-27
C435,Customer 435,Aqaba,2024-10-11
C436,Customer 436,Zarqa,2024-12-19
C437,Customer 437,Aqaba,2024-11-26
C438,Customer 438,Madaba,2024-09-08
C439,Customer 439,Aqaba,2024-01-09
C440,Customer 440,Amman,2024-05-30
C441,Customer 441,Zarqa,2024-07-26
C442,Customer 442,Madaba,2024-05-04
C443,Customer 443,Irbid,2024-12-05
C444,Customer 444,Salt,2024-07-07
C445,Customer 445,Aqaba,2024-10-10
C446,Customer 446,Salt,2024-06-25
C447,Customer 447,Aqaba,2024-10-08
C448,Customer 448,Irbid,2024-06-29
C449,Customer 449,Madaba,2024-08-20
C450,Customer 450,Irbid,2024-06-05
C451,Customer 451,Irbid,2024-04-28
C452,Customer 452,Amman,2024-04-08
C453,Customer 453,Irbid,2024-03-02
C454,Customer 454,Madaba,2024-10-01
C455,Customer 455,Madaba,2024-04-04
C456,Customer 456,Zarqa,2024-04-20
C457,Customer 457,Madaba,2024-09-04
C458,Customer 458,Irbid,2024-10-28
C459,Customer 459,Salt,2024-11-01
C460,Customer 460,Irbid,2024-02-21
C461,Customer 461,Zarqa,2024-05-31
C462,Customer 462,Zarqa,2024-07-03
C463,Customer 463,Zarqa,2024-06-03
C464,Customer 464,Amman,2024-12-28
C465,Customer 465,Salt,2024-03-05
C466,Customer 466,Irbid,2024-01-24
C467,Customer 467,Amman,2024-10-10
C468,Customer 468,Irbid,2024-12-23
C469,Customer 469,Zarqa,2024-11-22
C470,Customer 470,Aqaba,2024-02-22
C471,Customer 471,Amman,2024-10-20
C472,Customer 472,Irbid,2024-08-28
C473,Customer 473,Aqaba,2024-08-13
C474,Customer 474,Irbid,2024-04-04
C475,Customer 475,Amman,2024-05-09
C476,Customer 476,Aqaba,2024-02-28
C477,Customer 477,Amman,2024-07-24
C478,Customer 478,Aqaba,2024-02-07
C479,Customer 479,Salt,2024-11-18
C480,Customer 480,Madaba,2024-01-28
C481,Customer 481,Zarqa,2024-03-17
C482,Customer 482,Salt,2024-06-04
C483,Customer 483,Amman,2024-05-07
C484,Customer 484,Amman,2024-10-12
C485,Customer 485,Aqaba,2024-11-06
C486,Customer 486,Salt,2024-11-12
C487,Customer 487,Zarqa,2024-09-24
C488,Customer 488,Aqaba,2024-08-18
C489,Customer 489,Aqaba,2024-06-01
C490,Customer 490,Salt,2024-08-07
C491,Customer 491,Irbid,2024-10-18
C492,Customer 492,Salt,2024-01-31
C493,Customer 493,Salt,2024-02-20
C494,Customer 494,Zarqa,2024-11-16
C495,Customer 495,Zarqa,2024-05-15
C496,Customer 496,Madaba,2024-02-11
C497,Customer 497,Zarqa,2024-05-02
C498,Customer 498,Zarqa,2024-10-09
C499,Customer 499,Amman,2024-03-21
C500,Customer 500,Amman,2024-07-28
C501,Customer 501,Aqaba,2024-12-18
C502,Customer 502,Salt,2024-08-28
C503,Customer 503,Irbid,2024-01-17
C504,Customer 504,Zarqa,2024-05-27
C505,Customer 505,Madaba,2024-05-24
C506,Customer 506,Madaba,2024-08-20
C507,Customer 507,Amman,2024-12-17
C508,Customer 508,Zarqa,2024-05-15
C509,Customer 509,Madaba,2024-10-28
C510,Customer 510,Madaba,2024-04-11
C511,Customer 511,Aqaba,2024-02-28
C512,Customer 512,Salt,2024-04-25
C513,Customer 513,Madaba,2024-03-17
C514,Customer 514,Irbid,2024-03-13
C515,Customer 515,Amman,2024-01-31
C516,Customer 516,Zarqa,2024-06-06
C517,Customer 517,Salt,2024-10-18
C518,Customer 518,Irbid,2024-08-12
C519,Customer 519,Amman,2024-08-27
C520,Customer 520,Madaba,2024-06-04
C521,Customer 521,Madaba,2024-07-25
C522,Customer 522,Irbid,2024-09-13
C523,Customer 523,Salt,2024-09-09
C524,Customer 524,Aqaba,2024-02-11
C525,Customer 525,Salt,2024-01-21
C526,Customer 526,Aqaba,2024-06-14
C527,Customer 527,Salt,2024-05-08
C528,Customer 528,Amman,2024-02-16
C529,Customer 529,Zarqa,2024-12-11
C530,Customer 530,Salt,2024-10-27
C531,Customer 531,Amman,2024-12-10
C532,Customer 532,Irbid,2024-10-22
C533,Customer 533,Amman,2024-03-30
C534,Customer 534,Aqaba,2024-09-22
C535,Customer 535,Madaba,2024-08-14
C536,Customer 536,Irbid,2024-04-02
C537,Customer 537,Salt,2024-08-11
C538,Customer 538,Madaba,2024-09-08
C539,Customer 539,Amman,2024-08-28
C540,Customer 540,Irbid,2024-07-28
C541,Customer 541,Irbid,2024-06-13
C542,Customer 542,Madaba,2024-02-23
C543,Customer 543,Zarqa,2024-06-17
C544,Customer 544,Aqaba,2024-12-21
C545,Customer 545,Aqaba,2024-05-27
C546,Customer 546,Madaba,2024-07-24
C547,Customer 547,Salt,2024-01-19
C548,Customer 548,Aqaba,2024-02-15
C549,Customer 549,Irbid,2024-05-09
C550,Customer 550,Irbid,2024-02-29
C551,Customer 551,Aqaba,2024-09-20
C552,Customer 552,Amman,2024-12-02
C553,Customer 553,Salt,2024-08-24
C554,Customer 554,Aqaba,2024-01-28
C555,Customer 555,Zarqa,2024-09-22
C556,Customer 556,Irbid,2024-11-14
C557,Customer 557,Aqaba,2024-11-16
C558,Customer 558,Aqaba,2024-01-27
C559,Customer 559,Zarqa,2024-05-16
C560,Customer 560,Salt,2024-03-08
C561,Customer 561,Irbid,2024-08-12
C562,Customer 562,Madaba,2024-09-05
C563,Customer 563,Amman,2024-01-15
C564,Customer 564,Madaba,2024-11-07
C565,Customer 565,Zarqa,2024-12-29
C566,Customer 566,Zarqa,2024-06-08
C567,Customer 567,Salt,2024-01-08
C568,Customer 568,Salt,2024-07-27
C569,Customer 569,Amman,2024-04-25
C570,Customer 570,Amman,2024-08-24
C571,Customer 571,Amman,2024-11-27
C572,Customer 572,Zarqa,2024-09-12
C573,Customer 573,Madaba,2024-05-29
C574,Customer 574,Salt,2024-12-27
C575,Customer 575,Irbid,2024-07-31
C576,Customer 576,Aqaba,2024-08-29
C577,Customer 577,Zarqa,2024-08-21
C578,Customer 578,Salt,2024-03-15
C579,Customer 579,Aqaba,2024-04-07
C580,Customer 580,Salt,2024-09-17
C581,Customer 581,Madaba,2024-03-10
C582,Customer 582,Amman,2024-05-21
C583,Customer 583,Aqaba,2024-06-23
C584,Customer 584,Salt,2024-05-16
C585,Customer 585,Amman,2024-05-24
C586,Customer 586,Madaba,2024-06-01
C587,Customer 587,Salt,2024-10-23
C588,Customer 588,Madaba,2024-09-07
C589,Customer 589,Zarqa,2024-08-16
C590,Customer 590,Salt,2024-09-04
C591,Customer 591,Irbid,2024-06-19
C592,Customer 592,Salt,2024-10-05
C593,Customer 593,Aqaba,2024-08-21
C594,Customer 594,Irbid,2024-04-06
C595,Customer 595,Madaba,2024-05-02
C596,Customer 596,Salt,2024-07-15
C597,Customer 597,Zarqa,2024-07-29
C598,Customer 598,Amman,2024-06-11
C599,Customer 599,Madaba,2024-08-30
C600,Customer 600,Madaba,2024-07-14
C601,Customer 601,Aqaba,2024-12-05
C602,Customer 602,Madaba,2024-03-18
C603,Customer 603,Aqaba,2024-01-19
C604,Customer 604,Zarqa,2024-09-14
C605,Customer 605,Salt,2024-06-18
C606,Customer 606,Amman,2024-08-13
C607,Customer 607,Amman,2024-09-26
C608,Customer 608,Aqaba,2024-01-08
C609,Customer 609,Madaba,2024-03-14
C610,Customer 610,Aqaba,2024-12-01
C611,Customer 611,Zarqa,2024-02-08
C612,Customer 612,Aqaba,2024-05-15
C613,Customer 613,Irbid,2024-11-15
C614,Customer 614,Madaba,2024-07-22
C615,Customer 615,Madaba,2024-02-11
C616,Customer 616,Irbid,2024-12-11
C617,Customer 617,Salt,2024-07-13
C618,Customer 618,Irbid,2024-11-16
C619,Customer 619,Madaba,2024-09-06
C620,Customer 620,Salt,2024-01-19
C621,Customer 621,Salt,2024-02-05
C622,Customer 622,Zarqa,2024-11-19
C623,Customer 623,Madaba,2024-05-27
C624,Customer 624,Zarqa,2024-02-16
C625,Customer 625,Aqaba,2024-02-20
C626,Customer 626,Madaba,2024-12-26
C627,Customer 627,Amman,2024-08-15
C628,Customer 628,Zarqa,2024-12-21
C629,Customer 629,Irbid,2024-01-15
C630,Customer 630,Amman,2024-06-15
C631,Customer 631,Amman,2024-05-30
C632,Customer 632,Irbid,2024-07-10
C633,Customer 633,Aqaba,2024-03-15
C634,Customer 634,Zarqa,2024-09-28
C635,Customer 635,Aqaba,2024-10-16
C636,Customer 636,Madaba,2024-04-02
C637,Customer 637,Zarqa,2024-03-30
C638,Customer 638,Amman,2024-11-08
C639,Customer 639,Aqaba,2024-11-13
C640,Customer 640,Madaba,2024-05-03
C641,Customer 641,Aqaba,2024-10-25
C642,Customer 642,Zarqa,2024-04-28
C643,Customer 643,Aqaba,2024-11-22
C644,Customer 644,Irbid,2024-08-23
C645,Customer 645,Irbid,2024-12-07
C646,Customer 646,Amman,2024-08-26
C647,Customer 647,Irbid,2024-12-12
C648,Customer 648,Salt,2024-03-21
C649,Customer 649,Amman,2024-08-14
C650,Customer 650,Irbid,2024-10-27
C651,Customer 651,Irbid,2024-11-23
C652,Customer 652,Aqaba,2024-12-19
C653,Customer 653,Irbid,2024-08-21
C654,Customer 654,Irbid,2024-04-11
C655,Customer 655,Aqaba,2024-09-04
C656,Customer 656,Amman,2024-05-01
C657,Customer 657,Aqaba,2024-10-19
C658,Customer 658,Irbid,2024-10-21
C659,Customer 659,Irbid,2024-12-24
C660,Customer 660,Irbid,2024-01-12
C661,Customer 661,Madaba,2024-07-21
C662,Customer 662,Irbid,2024-01-05
C663,Customer 663,Salt,2024-12-17
C664,Customer 664,Madaba,2024-01-26
C665,Customer 665,Salt,2024-09-11
C666,Customer 666,Irbid,2024-04-27
C667,Customer 667,Salt,2024-06-29
C668,Customer 668,Zarqa,2024-11-21
C669,Customer 669,Zarqa,2024-11-13
C670,Customer 670,Irbid,2024-12-13
C671,Customer 671,Madaba,2024-12-03
C672,Customer 672,Madaba,2024-03-11
C673,Customer 673,Madaba,2024-02-19
C674,Customer 674,Madaba,2024-11-26
C675,Customer 675,Amman,2024-06-07
C676,Customer 676,Aqaba,2024-01-18
C677,Customer 677,Salt,2024-07-05
C678,Customer 678,Madaba,2024-03-08
C679,Customer 679,Amman,2024-05-31
C680,Customer 680,Irbid,2024-07-31
C681,Customer 681,Zarqa,2024-04-12
C682,Customer 682,Zarqa,2024-10-03
C683,Customer 683,Irbid,2024-09-28
C684,Customer 684,Salt,2024-05-19
C685,Customer 685,Zarqa,2024-05-11
C686,Customer 686,Aqaba,2024-05-31
C687,Customer 687,Madaba,2024-06-22
C688,Customer 688,Amman,2024-08-27
C689,Customer 689,Amman,2024-03-13
C690,Customer 690,Zarqa,2024-12-12
C691,Customer 691,Madaba,2024-12-11
C692,Customer 692,Aqaba,2024-10-12
C693,Customer 693,Irbid,2024-02-16
C694,Customer 694,Aqaba,2024-01-08
C695,Customer 695,Irbid,2024-10-01
C696,Customer 696,Amman,2024-08-20
C697,Customer 697,Irbid,2024-12-10
C698,Customer 698,Madaba,2024-12-10
C699,Customer 699,Irbid,2024-10-26
C700,Customer 700,Aqaba,2024-11-22
C701,Customer 701,Irbid,2024-02-25
C702,Customer 702,Madaba,2024-04-29
C703,Customer 703,Aqaba,2024-01-13
C704,Customer 704,Salt,2024-10-14
C705,Customer 705,Irbid,2024-11-08
C706,Customer 706,Zarqa,2024-11-27
C707,Customer 707,Amman,2024-11-21
C708,Customer 708,Aqaba,2024-12-24
C709,Customer 709,Irbid,2024-11-28
C710,Customer 710,Aqaba,2024-02-29
C711,Customer 711,Zarqa,2024-01-24
C712,Customer 712,Amman,2024-06-04
C713,Customer 713,Aqaba,2024-02-29
C714,Customer 714,Amman,2024-04-30
C715,Customer 715,Salt,2024-03-10
C716,Customer 716,Aqaba,2024-08-20
C717,Customer 717,Irbid,2024-12-09
C718,Customer 718,Madaba,2024-12-22
C719,Customer 719,Salt,2024-08-02
C720,Customer 720,Salt,2024-03-20
C721,Customer 721,Aqaba,2024-12-01
C722,Customer 722,Amman,2024-09-07
C723,Customer 723,Salt,2024-07-27
C724,Customer 724,Irbid,2024-01-17
C725,Customer 725,Madaba,2024-07-08
C726,Customer 726,Zarqa,2024-08-15
C727,Customer 727,Aqaba,2024-04-30
C728,Customer 728,Irbid,2024-02-20
C729,Customer 729,Madaba,2024-07-07
C730,Customer 730,Salt,2024-11-26
C731,Customer 731,Irbid,2024-02-01
C732,Customer 732,Aqaba,2024-05-21
C733,Customer 733,Zarqa,2024-03-03
C734,Customer 734,Aqaba,2024-02-16
C735,Customer 735,Madaba,2024-04-18
C736,Customer 736,Madaba,2024-11-23
C737,Customer 737,Salt,2024-01-11
C738,Customer 738,Amman,2024-06-19
C739,Customer 739,Zarqa,2024-03-05
C740,Customer 740,Salt,2024-04-15
C741,Customer 741,Amman,2024-10-10
C742,Customer 742,Zarqa,2024-10-27
C743,Customer 743,Zarqa,2024-04-29
C744,Customer 744,Irbid,2024-03-16
C745,Customer 745,Salt,2024-01-02
C746,Customer 746,Irbid,2024-03-15
C747,Customer 747,Zarqa,2024-10-03
C748,Customer 748,Irbid,2024-03-30
C749,Customer 749,Amman,2024-12-04
C750,Customer 750,Amman,2024-03-08
C751,Customer 751,Amman,2024-07-02
C752,Customer 752,Zarqa,2024-10-28
C753,Customer 753,Irbid,2024-01-09
C754,Customer 754,Zarqa,2024-05-15
C755,Customer 755,Amman,2024-03-05
C756,Customer 756,Madaba,2024-08-03
C757,Customer 757,Salt,2024-02-28
C758,Customer 758,Madaba,2024-02-02
C759,Customer 759,Aqaba,2024-08-17
C760,Customer 760,Irbid,2024-09-19
C761,Customer 761,Salt,2024-02-25
C762,Customer 762,Aqaba,2024-09-14
C763,Customer 763,Zarqa,2024-11-10
C764,Customer 764,Amman,2024-12-03
C765,Customer 765,Salt,2024-06-03
C766,Customer 766,Aqaba,2024-11-25
C767,Customer 767,Amman,2024-02-01
C768,Customer 768,Aqaba,2024-07-24
C769,Customer 769,Aqaba,2024-12-17
C770,Customer 770,Amman,2024-09-08
C771,Customer 771,Madaba,2024-08-15
C772,Customer 772,Amman,2024-02-11
C773,Customer 773,Irbid,2024-11-07
C774,Customer 774,Zarqa,2024-02-03
C775,Customer 775,Zarqa,2024-05-20
C776,Customer 776,Salt,2024-11-20
C777,Customer 777,Salt,2024-10-07
C778,Customer 778,Madaba,2024-06-15
C779,Customer 779,Aqaba,2024-11-01
C780,Customer 780,Salt,2024-05-30
C781,Customer 781,Aqaba,2024-09-15
C782,Customer 782,Salt,2024-08-08
C783,Customer 783,Amman,2024-12-25
C784,Customer 784,Amman,2024-12-01
C785,Customer 785,Madaba,2024-10-09
C786,Customer 786,Madaba,2024-04-20
C787,Customer 787,Aqaba,2024-08-19
C788,Customer 788,Zarqa,2024-07-30
C789,Customer 789,Irbid,2024-08-20
C790,Customer 790,Aqaba,2024-07-31
C791,Customer 791,Madaba,2024-02-18
C792,Customer 792,Irbid,2024-08-06
C793,Customer 793,Irbid,2024-12-06
C794,Customer 794,Irbid,2024-07-10
C795,Customer 795,Zarqa,2024-12-17
C796,Customer 796,Aqaba,2024-02-04
C797,Customer 797,Amman,2024-02-13
C798,Customer 798,Amman,2024-08-09
C799,Customer 799,Amman,2024-07-09
C800,Customer 800,Zarqa,2024-10-11
C801,Customer 801,Amman,2024-10-27
C802,Customer 802,Salt,2024-10-14
C803,Customer 803,Irbid,2024-12-09
C804,Customer 804,Amman,2024-07-29
C805,Customer 805,Irbid,2024-12-06
C806,Customer 806,Aqaba,2024-01-27
C807,Customer 807,Irbid,2024-11-03
C808,Customer 808,Irbid,2024-06-29
C809,Customer 809,Amman,2024-10-22
C810,Customer 810,Salt,2024-04-18
C811,Customer 811,Zarqa,2024-12-02
C812,Customer 812,Aqaba,2024-04-24
C813,Customer 813,Amman,2024-06-28
C814,Customer 814,Salt,2024-07-07
C815,Customer 815,Amman,2024-05-22
C816,Customer 816,Salt,2024-04-25
C817,Customer 817,Aqaba,2024-10-14
C818,Customer 818,Salt,2024-11-10
C819,Customer 819,Madaba,2024-11-25
C820,Customer 820,Salt,2024-01-14
C821,Customer 821,Salt,2024-12-02
C822,Customer 822,Madaba,2024-05-16
C823,Customer 823,Amman,2024-04-02
C824,Customer 824,Irbid,2024-12-25
C825,Customer 825,Irbid,2024-06-22
C826,Customer 826,Irbid,2024-01-04
C827,Customer 827,Zarqa,2024-03-14
C828,Customer 828,Salt,2024-12-02
C829,Customer 829,Aqaba,2024-02-05
C830,Customer 830,Zarqa,2024-11-20
C831,Customer 831,Amman,2024-02-16
C832,Customer 832,Madaba,2024-09-28
C833,Customer 833,Zarqa,2024-07-11
C834,Customer 834,Aqaba,2024-08-20
C835,Customer 835,Irbid,2024-03-21
C836,Customer 836,Irbid,2024-06-08
C837,Customer 837,Madaba,2024-06-15
C838,Customer 838,Salt,2024-11-01
C839,Customer 839,Amman,2024-01-27
C840,Customer 840,Zarqa,2024-03-21
C841,Customer 841,Salt,2024-01-26
C842,Customer 842,Madaba,2024-02-11
C843,Customer 843,Irbid,2024-08-14
C844,Customer 844,Madaba,2024-08-05
C845,Customer 845,Aqaba,2024-11-06
C846,Customer 846,Aqaba,2024-07-31
C847,Customer 847,Irbid,2024-04-20
C848,Customer 848,Salt,2024-02-28
C849,Customer 849,Irbid,2024-08-08
C850,Customer 850,Amman,2024-05-25
C851,Customer 851,Madaba,2024-12-13
C852,Customer 852,Salt,2024-09-06
C853,Customer 853,Salt,2024-12-07
C854,Customer 854,Irbid,2024-01-24
C855,Customer 855,Zarqa,2024-07-21
C856,Customer 856,Salt,2024-01-29
C857,Customer 857,Amman,2024-04-14
C858,Customer 858,Irbid,2024-04-18
C859,Customer 859,Zarqa,2024-05-10
C860,Customer 860,Irbid,2024-06-16
C861,Customer 861,Amman,2024-01-04
C862,Customer 862,Aqaba,2024-08-08
C863,Customer 863,Zarqa,2024-03-07
C864,Customer 864,Aqaba,2024-09-29
C865,Customer 865,Madaba,2024-04-27
C866,Customer 866,Salt,2024-10-13
C867,Customer 867,Madaba,2024-06-30
C868,Customer 868,Amman,2024-07-22
C869,Customer 869,Madaba,2024-01-22
C870,Customer 870,Aqaba,2024-01-10
C871,Customer 871,Aqaba,2024-02-09
C872,Customer 872,Irbid,2024-10-21
C873,Customer 873,Aqaba,2024-10-20
C874,Customer 874,Aqaba,2024-12-29
C875,Customer 875,Madaba,2024-08-01
C876,Customer 876,Irbid,2024-02-28
C877,Customer 877,Aqaba,2024-01-11
C878,Customer 878,Irbid,2024-03-28
C879,Customer 879,Salt,2024-08-23
C880,Customer 880,Madaba,2024-07-04
C881,Customer 881,Amman,2024-08-11
C882,Customer 882,Amman,2024-05-04
C883,Customer 883,Aqaba,2024-10-28
C884,Customer 884,Aqaba,2024-09-25
C885,Customer 885,Amman,2024-07-21
C886,Customer 886,Irbid,2024-06-22
C887,Customer 887,Zarqa,2024-06-19
C888,Customer 888,Zarqa,2024-02-09
C889,Customer 889,Salt,2024-11-20
C890,Customer 890,Amman,2024-09-28
C891,Customer 891,Salt,2024-04-09
C892,Customer 892,Irbid,2024-06-28
C893,Customer 893,Madaba,2024-11-26
C894,Customer 894,Zarqa,2024-04-30
C895,Customer 895,Amman,2024-03-15
C896,Customer 896,Irbid,2024-04-11
C897,Customer 897,Zarqa,2024-11-04
C898,Customer 898,Zarqa,2024-12-01
C899,Customer 899,Amman,2024-03-31
C900,Customer 900,Madaba,2024-09-09
C901,Customer 901,Aqaba,2024-10-15
C902,Customer 902,Salt,2024-08-17
C903,Customer 903,Madaba,2024-10-16
C904,Customer 904,Madaba,2024-11-21
C905,Customer 905,Salt,2024-06-14
C906,Customer 906,Madaba,2024-06-10
C907,Customer 907,Zarqa,2024-08-13
C908,Customer 908,Amman,2024-08-28
C909,Customer 909,Aqaba,2024-11-19
C910,Customer 910,Irbid,2024-05-20
C911,Customer 911,Salt,2024-01-29
C912,Customer 912,Irbid,2024-09-16
C913,Customer 913,Amman,2024-06-07
C914,Customer 914,Aqaba,2024-08-19
C915,Customer 915,Amman,2024-01-30
C916,Customer 916,Irbid,2024-05-26
C917,Customer 917,Amman,2024-11-26
C918,Customer 918,Amman,2024-11-10
C919,Customer 919,Salt,2024-09-16
C920,Customer 920,Aqaba,2024-08-24
C921,Customer 921,Salt,2024-10-10
C922,Customer 922,Madaba,2024-01-22
C923,Customer 923,Aqaba,2024-10-19
C924,Customer 924,Madaba,2024-04-06
C925,Customer 925,Irbid,2024-11-05
C926,Customer 926,Aqaba,2024-09-13
C927,Customer 927,Zarqa,2024-02-01
C928,Customer 928,Aqaba,2024-02-22
C929,Customer 929,Irbid,2024-12-31
C930,Customer 930,Amman,2024-09-15
C931,Customer 931,Madaba,2024-03-29
C932,Customer 932,Amman,2024-05-06
C933,Customer 933,Madaba,2024-08-12
C934,Customer 934,Aqaba,2024-09-25
C935,Customer 935,Salt,2024-11-08
C936,Customer 936,Zarqa,2024-07-05
C937,Customer 937,Irbid,2024-05-24
C938,Customer 938,Aqaba,2024-07-28
C939,Customer 939,Irbid,2024-12-13
C940,Customer 940,Salt,2024-01-27
C941,Customer 941,Madaba,2024-11-27
C942,Customer 942,Irbid,2024-02-03
C943,Customer 943,Irbid,2024-02-18
C944,Customer 944,Salt,2024-12-13
C945,Customer 945,Aqaba,2024-05-25
C946,Customer 946,Irbid,2024-12-02
C947,Customer 947,Salt,2024-03-17
C948,Customer 948,Irbid,2024-02-11
C949,Customer 949,Salt,2024-12-05
C950,Customer 950,Zarqa,2024-06-28
C951,Customer 951,Irbid,2024-12-01
C952,Customer 952,Madaba,2024-12-05
C953,Customer 953,Aqaba,2024-03-07
C954,Customer 954,Salt,2024-12-28
C955,Customer 955,Amman,2024-06-07
C956,Customer 956,Salt,2024-07-11
C957,Customer 957,Madaba,2024-06-17
C958,Customer 958,Zarqa,2024-12-09
C959,Customer 959,Madaba,2024-12-16
C960,Customer 960,Salt,2024-02-17
C961,Customer 961,Madaba,2024-12-09
C962,Customer 962,Aqaba,2024-09-17
C963,Customer 963,Irbid,2024-01-10
C964,Customer 964,Irbid,2024-06-07
C965,Customer 965,Zarqa,2024-04-19
C966,Customer 966,Irbid,2024-09-05
C967,Customer 967,Zarqa,2024-04-25
C968,Customer 968,Zarqa,2024-03-20
C969,Customer 969,Amman,2024-05-31
C970,Customer 970,Amman,2024-09-16
C971,Customer 971,Salt,2024-09-26
C972,Customer 972,Amman,2024-12-04
C973,Customer 973,Irbid,2024-11-12
C974,Customer 974,Zarqa,2024-11-01
C975,Customer 975,Aqaba,2024-03-19
C976,Customer 976,Zarqa,2024-04-02
C977,Customer 977,Madaba,2024-11-15
C978,Customer 978,Zarqa,2024-08-12
C979,Customer 979,Amman,2024-07-29
C980,Customer 980,Irbid,2024-12-12
C981,Customer 981,Madaba,2024-05-01
C982,Customer 982,Aqaba,2024-11-08
C983,Customer 983,Irbid,2024-08-17
C984,Customer 984,Zarqa,2024-09-30
C985,Customer 985,Zarqa,2024-06-07
C986,Customer 986,Aqaba,2024-04-09
C987,Customer 987,Irbid,2024-12-13
C988,Customer 988,Salt,2024-08-13
C989,Customer 989,Aqaba,2024-05-24
C990,Customer 990,Aqaba,2024-09-14
C991,Customer 991,Salt,2024-08-02
C992,Customer 992,Zarqa,2024-04-12
C993,Customer 993,Salt,2024-03-11
C994,Customer 994,Irbid,2024-01-27
C995,Customer 995,Madaba,2024-09-03
C996,Customer 996,Irbid,2024-10-10
C997,Customer 997,Amman,2024-12-30
C998,Customer 998,Salt,2024-03-04
C999,Customer 999,Irbid,2024-02-12
C1000,Customer 1000,Zarqa,2024-05-19
